Id,ImageUrl,ProductId
1,images/products/1-mens-jupiter-trousers-1.png,1
2,images/products/2-mens-jupiter-trousers-2.png,2
3,images/products/3-mens-jupiter-trousers-3.png,3
4,images/products/4-mens-jupiter-tshirt-1.png,4
5,images/products/5-mens-neptune-shoes-1.png,5
6,images/products/6-mens-neptune-shoes-2.png,6
7,images/products/7-mens-neptune-shoes-3.png,7
8,images/products/8-mens-neptune-shorts-1-1.png,8
9,images/products/8-mens-neptune-shorts-1-2.png,8
10,images/products/8-mens-neptune-shorts-1-3.png,8
11,images/products/8-mens-neptune-shorts-1-4.png,8
12,images/products/9-mens-neptune-tshirt-1-1.png,9
13,images/products/9-mens-neptune-tshirt-1-2.png,9
14,images/products/9-mens-neptune-tshirt-1-3.png,9
15,images/products/10-unisex-jupiter-hat-1.png,10
16,images/products/11-unisex-jupiter-hat-2.png,11
17,images/products/12-unisex-neptune-hat-1.png,12
18,images/products/13-unisex-neptune-hat-2.png,13
19,images/products/14-unisex-venus-hat-1.png,14
20,images/products/15-unisex-venus-hat-2.png,15
21,images/products/16-unisex-venus-hat-3.png,16
22,images/products/17-womens-venus-trousers-1-1.png,17
23,images/products/17-womens-venus-trousers-1-2.png,17
24,images/products/17-womens-venus-trousers-1-3.png,17
25,images/products/18-womens-jupiter-trousers-1.png,18
26,images/products/19-womens-jupiter-trousers-2.png,19
27,images/products/20-womens-jupiter-trousers-3.png,20
28,images/products/21-womens-jupiter-tshirt-1.png,21
29,images/products/22-womens-neptune-trousers-1.png,22
30,images/products/23-womens-neptune-trousers-2.png,23
31,images/products/24-womens-neptune-tshirt-1-1.png,24
32,images/products/24-womens-neptune-tshirt-1-2.png,24
33,images/products/24-womens-neptune-tshirt-1-3.png,24
34,images/products/25-womens-venus-shoes-1.png,25
35,images/products/26-womens-venus-shoes-2.png,26
36,images/products/27-womens-venus-shoes-3.png,27
